VideoID,Problem_Challenge
1,vanity light misalignment
1,buried receptacle issues
1,panel security risks
1,preventing theft of breakers
1,customer not returning for trim out
2,ensuring proper wire gauge for load
2,choosing correct box type for installations
2,maintaining code compliance with outlet spacing
2,handling tight spaces during installation
2,navigating obstacles like doorways and windows
5,Limited understanding of basic electrical theory
5,Demand for leadership roles exceeds student preparation
5,Need for comprehensive knowledge of various electrical fields
5,Safety concerns in electrical work
5,Connecting theory with practical internship experience
6,underlighting an area
6,overlighting an area
6,difficult outlet placement
6,hidden outlet accessibility
6,overhead lighting shadows
6,lack of clarity on future needs
6,difficulty accessing wire locations post-drywall
7,working in cold conditions
7,risk of electrical shock
7,identifying wire connections
7,ensuring proper breaker compatibility
7,not taking shortcuts with wiring
11,oxidation issues with aluminum wiring
11,air sealing around wires
11,circuit overload on 15 amp circuits
11,sound transmission between rooms
12,tight working space in a shed
12,avoiding screw interference with wires
12,cutting pipes accurately
12,managing pipe bends and angles
13,traditional construction is inefficient
13,high labor costs
13,environmental impact
14,denting when used improperly
14,blunting from cutting unsuitable materials
15,complicated wiring setups
15,ensuring safety with off wires
15,protecting circuits with GFI
15,managing multiple switches
16,missing electrical items during walkthroughs
16,poor lighting in garages
16,hard to access breaker box
16,disorganized electrical layout
16,unplanned outlet placements
16,furniture blocking outlets
17,need for nail guards near penetrations
17,checking compliance with changing codes
17,ensuring secure wiring within 12 inches
17,seal penetrations to avoid damage
17,overcrowding of wires in penetrations
18,uncertain connections with marettes
18,damaged cords near the plug
18,difficulty in stripping wire sheathing
18,poor connections from using wrong wire orientation
20,wire management in boxes
20,alignment issues with tile
20,proper identification of wires
22,ensuring boxes are aligned accurately
22,preventing debris from entering pipes
23,lack of foundational knowledge
23,transitioning into apprenticeships
24,struggled in high school
24,need for relevant learning
27,identifying purpose of various boxes
27,ensuring all lights are straight
31,lack of training for repairs
31,fear of doing electrical work without qualifications
31,regulatory limitations on DIY repairs
33,Understanding electrical plan components
33,Customizing layout accurately
34,Valuing unseen work
34,Balancing pride and cost
36,high demand for skilled workers
36,not enough students to fill jobs
36,different learning levels among students
37,difficulty in generating leads
37,financial management
37,material purchasing costs
37,seasonal fluctuations
37,overextension in projects
37,lack of knowledge on specific jobs
37,relationships with suppliers
39,underestimating project costs
39,losing track of room specifications
39,failing to account for all circuits and openings
41,difficulty fitting boxes in walls
41,managing wire lengths
44,identifying circuit breakers
44,ensuring safety while working
49,dealing with new challenges
49,keeping everyone on the same page
49,managing power outages
50,missing AFCI breakers in the panel
50,tripped 40 amp breaker
50,incorrect wire gauge for breaker
50,grounding rod not installed deep enough and loose
51,installing switch upside down
51,removing incorrect insulation amount
53,Discrepancy in concrete yardage calculation
53,Potential overestimation of material needs
54,risk of house fires
54,potential for electrical hazards
54,unsafe living conditions
57,meeting aggressive schedules
57,managing project complexity and scope
61,routing conduit without elevation
61,water leakage
62,cutting tile accurately
62,cleaning up cut edges
64,unsafe wiring without a box
64,time-consuming wire management
64,difficult access in tight spaces
66,meter installed too high
66,absence of shut off
68,ensuring fire safety
68,maintaining organization
68,passing inspections
71,risk of electrical shock during maintenance
71,injuries from rotating parts
71,hazards from improper clothing
71,inadequate guarding of equipment
72,ensuring code compliance
72,aligning with environmental considerations
76,lack of dedicated circuit for air conditioners
76,old homes with outdated wiring
76,difficulty in running wiring through closed walls
76,challenging wall systems complicating installation
80,proper wire termination
80,compliance with codes
84,ensuring proper labeling of circuits
84,protecting cables during installation
84,avoiding interference with fastening through electrical raceways
85,issues found during hot checks
87,unlabeled circuit panel
87,risk of disrupting services
89,confirming electrical items with homeowner
89,determining outlet needs in garage
89,ensuring proper lighting in master bath
89,managing steam exhaust
89,correct placement of TV locations
89,spacing of switches
91,gas line identification issues
91,unexpected sand presence
92,cables getting pinched
92,disorganized cable layout
99,Difficulty in installing gangable boxes
99,Managing multiple types of conduit fittings
99,Aligning connectors with existing wall structures
99,Handling rigidity of MC cable in tight spaces
99,Complexity in mounting brackets and covers
99,Potential corrosion issues with EMT
100,working on energized switchboards
100,risk of electric shock
100,risk of arc flash
100,interaction with live cables
100,damaging cables during installation
100,risk from using cutting tools
106,aligning pipe with obstructions
106,calculating multipliers
106,spacing before installation
109,growing in a competitive market
109,meeting diversity requirements
109,acquiring skilled electricians
112,current COVID pandemic restrictions
112,need for reliable internet access
112,highly competitive field for electrical apprentices
120,missing bonding terminal bar
120,inadequate securing of the meter mask
120,insufficient working space around electrical panel
120,non-compliant receptacles in bathrooms
120,GFCI not tripping
122,finding unlabelled breakers
122,false positives during scanning
124,homes lacking modern electrical protection
124,inspections of older electrical systems
125,shoddy workmanship
125,improper mechanical execution
125,use of extension cords
125,wires being damaged by sheetrockers
127,old outlet replacement
127,asbestos siding handling
128,debate on pigtailing vs through wiring
128,device dependence for downstream load
128,additional wires as failure points
128,short wires in older homes
128,back stab quick connects failure risk
133,missing electrical details in plans
133,failure to communicate specific requirements
136,cutting oneself
136,scoring the wire
136,accidental nicks
139,tight project deadlines
139,fitting issues at job site
139,weather-related distractions
139,safety risks in the field
139,rapid market changes
140,limitations of single level vial
141,difficulty of holding wires
141,trouble with conventional soldering
142,infrastructure upgrades for EV charging stations
142,electric load capacity limitations
142,long installation timelines for utilities
142,finding proper locations for distribution panels
148,apprentices often show up late
148,apprentices may be distracted
148,different styles from various journeymen
148,apprentices feeling overwhelmed and confused
148,quality of tools can be poor
149,annoying thumb screw
149,difficulty adjusting ruler
150,use of damaged equipment
150,lack of safety awareness
150,failure to check equipment condition
156,dark pantry
156,limited lighting options
157,estimating real-world installation time
157,training new or less experienced workers
162,students struggling to understand concepts
162,surprises on the job site
163,complex logistical challenges
163,delivering projects on time
163,project budget management
165,lack of experience with hot wion method
167,broken mass hat
167,loose tie backs
167,no insulation over power lines
167,water intrusion risk
169,need for change in the electrical industry
169,evaluating training effectiveness
169,adapting training to contractor needs
169,communicating industry standards
171,normal overhead percentage not applied
171,difficulty in calculating overhead per job
174,ensuring proper cable height
174,avoiding cutting into cables
175,damaged copper wire
175,overheating connectors
178,ensuring structural integrity of studs
178,complying with building codes
178,safety of Romex during drilling
178,potential failure during inspection
179,refilling issues with plasterboard
179,maintaining a tidy workspace
185,Lack of prior electrical experience
185,Attendance affecting progress
185,Difficulty in understanding wiring diagrams
185,Physical demands of the job
186,need for broad knowledge of construction processes
186,managing subcontractors and suppliers
186,understanding different installation methods
186,compliance with building codes
187,wires getting tangled
187,moisture in the pipe
187,need for sufficient suction
187,cutting wires while pulling
187,ensuring airtight seal
188,debate on stacking multiple conductors under staples
188,choosing the right type of box for installations
188,understanding loads for single receptacles
188,confusion between GFI and GFCI terminology
188,distinguishing between toggle and decor switches
190,cut hole too big
190,box set too deep
190,didn't allow for 5/8 drywall
192,personal preference for outlet placement
192,fitting GFI in standard vs. larger boxes
193,customer scheduling
193,timeliness in service
193,transparent pricing
197,finding the best option for circuit installation
197,accessing attic space
199,leaking panel
199,water intrusion
201,worker density at project sites
201,hazard mitigation with subcontractors
202,time-consuming techniques
202,costly tools
202,wire kinks affecting installation
204,damaged conduit
204,incorrect water line placement
204,need for re-digging
207,Understanding wiring connections
207,Locating symbols in diagrams
207,Traceback of motor connections
208,screw obstruction by tile
208,inability to use certain options
214,Working alone can make installation difficult
214,Ensuring proper clearance and compliance with height requirements
214,Stripping wires without damaging them
214,Wrestling with stiff cables during installation
214,Maintaining organization and neatness in the panel box
216,wires sticking out
216,not securing wires properly
216,incompatibility with HVAC system
216,cutting holes in load-bearing studs
218,insurance companies not accepting older panels
218,need to replace outdated electrical panels
218,new laws in California regarding electrical upgrades
219,Difficulty finding new customers
219,Leads becoming increasingly expensive and unresponsive
219,Competing with other contractors for the same leads
219,Loss of effectiveness of traditional lead generation methods
221,need for accurate readings
221,testing multiple times
221,ensuring correct range
222,live conduit causing electric shock
222,cabling damage from rodents
222,insulation stapled into cables
222,crumbling rubber insulation
222,unknown cable locations when drilling
226,blowing the breaker due to excess ampage
226,incorrect appliance placement on breakers
229,waste of electrical wire
229,excessive wire length
232,old metal boxes are difficult to work with
232,unknown wiring paths complicate installation
233,looseness of backstab connections
233,risk of overheating leading to burns
233,safety concerns with wire connections
238,insufficient reel transporters
238,worker complaints
241,Transition from knowing nothing to building a house
241,Understanding various construction components and systems
247,difficulty finding the circuit
253,plugs falling out of outlets
256,misordered wires
256,time-consuming circuit testing
264,balancing school and work
264,preparing for certification
275,lack of financial clarity on project outcomes
275,mismanagement of crew responsibilities
275,inadequate understanding of project numbers
275,difficulty in balancing work and learning
277,gender disparity in construction
277,perceptions of difficulty in electrical work
280,circuit open leading to no current flow
280,current division in series connections
280,electrical shock risks from AC supply
280,power loss due to resistance
280,complexity in electricity generation and distribution
281,difficult to install conduit inside walls
281,complicated wiring during building
281,repairing leaks in cob walls is challenging
282,Misunderstanding of grounding vs earthing
282,Dangerous high voltage during lightning
282,Potential difference leading to fatal current
283,Cannot trench due to property ownership
283,Dead tenant's electric setup
283,Static electricity activation of lights
286,safety risks on job sites
286,heavy lifting
286,working with multiple trades
286,complex wiring tasks
286,being flexible and adaptable
289,time wasted going to wholesale house
289,lack of consistent part availability
289,running out of stock during projects
291,ensuring proper marking of electrical points
291,considering structural elements like beams in layout
291,providing adequate lighting in various areas
291,placement of switchboards for convenience
291,balancing aesthetics and functionality in designs
292,indicating player turns
292,synchronizing alarms and motors
292,automating greenhouse conditions
292,managing multiple circuits
292,ensuring safety with alarms
296,double checking subcontractor values
296,ensuring timely bids
296,fully accounting for scopes
296,missing details in estimates
297,male-dominated career environment
297,nervousness about being the only woman
302,lack of teamwork
302,poor communication
302,mess management
303,serious injuries or death from electrical hazards
303,faulty or improperly installed equipment
303,overloaded circuits
303,flammable gases or vapors in hazardous environments
303,long-term health effects from exposure to electromagnetic fields
303,lack of training on electrical safety procedures
305,finding hidden wires
305,routing wire through walls
305,avoiding damage to existing structures
305,correctly aligning holes with boxes
306,client requests unique designs
306,uncertainty about untested projects
311,cords unplugging
313,shower head installation difficulties
313,sharp teeth of channel locks scratching surface
314,risk of electric shock
314,finding individual spots for connections
315,deciding outlet placements
315,low window height affecting outlet location
315,supply chain delays for windows
315,determining door swing direction
315,running wires through constricted areas
316,life-threatening risks from improper wiring
316,faulty electrical connections
316,danger from unattended live wires
317,accessing outlet boxes behind thick siding
317,accurately marking positions for cutting
330,unreliable electronic stud finders
331,understanding detailed drawings
331,navigating complex construction drawings
331,interpreting section views
331,ensuring accurate measurements
331,compliance with electrical code requirements
331,managing multiple drawing sheets
331,keeping track of revisions
334,concern about being thrown in the deep end
334,need to ask questions
334,overthinking before starting
336,Sloppy workmanship
336,Damage to electrical equipment
336,Insufficient support for cables and conductors
340,feeling lost on the job
340,starting the program late
340,intimidation of learning concepts
346,Confusion with symbol orientation
346,Difficulty in interpreting electrical blueprints
346,Potential for incorrect wiring without clear diagrams
346,Complexity of daisy-chaining circuits
347,difficulty driving ground rod into the ground
347,damaging the tip of the ground rod
348,fear of entering work field due to youth
348,lack of initial knowledge
349,dealing with short wires
349,difficulty in making connections
349,struggling with wire management for homeowners
350,determining fixture placement
350,adjusting fixture after installation
352,unknown electrical issue
352,installation failures
353,competing schedules with other trades
353,navigating city or county licensing requirements
353,estimating labor time accurately
353,working within budget constraints
356,lack of communication on safety
356,neglecting safety protocols
356,failure to ask questions
358,adapting to hybrid learning environment
358,chronic shortage of skilled trade workers
358,balancing online and hands-on courses
359,understanding load types
359,selecting correct diversity factor
359,calculating total demand load
360,high voltages can seriously injure or kill
360,downed lines present risks
363,chronic shortage of skilled trade people
363,students not familiar with tools
363,difficulty in finding co-op jobs
363,safety procedures on job sites
363,understanding blueprints and materials
363,high demand for electricians
365,intimidation when asking questions
365,time management issues
365,lack of proper tools
365,safety concerns on the job site
367,male dominated workforce
367,long-term student loans
369,old knob and tube wiring is dangerous
369,existing electrical may not meet code
369,narrow wall depth limits box size
369,potential for exposed wires
369,open splices in old wiring
369,difficulty running wire due to joist placement
371,installing electrical switches upside down
371,loose connections leading to arcs and fires
371,difficulty finding wires in junction boxes
382,poor quality switches
382,wrong placement of outlets
382,additional costs for new outlets
382,risk of shock or malfunction
384,aligning pipe for bending
384,calculating degree bends
384,spacing issues
384,marking accurately
388,Board not aligned properly
388,Difficulty pulling board down manually
395,gaining clients
395,standing out in competition
395,keeping up with industry standards
395,limited marketing knowledge
395,navigating legal aspects of contracting
402,time management in projects
402,ineffective tools causing delays
402,hidden nails or screws in structures
402,maintaining cleanliness and organization
408,deciding outlet locations
408,choosing light fixtures
408,managing overwhelming options
408,compliance with electrical code
415,balancing self-employment and guaranteed income
415,lack of experience in running a business
415,managing time effectively
415,not having enough tools initially
415,struggling with customer communication
415,navigating financial responsibilities and taxation
427,understanding how to use only 2 watt meters for power measurement
427,calculating the angle between voltage and current
427,deriving power factor from watt meter readings
428,lack of exposure to trades careers
428,underestimating skills required for construction
441,electrical shocks
441,falls from heights
441,equipment malfunctions
441,exposure to hazardous materials
441,improper lifting
443,hitting a gas line
443,misreading utility markings
443,danger of nearby gas lines
444,Ensuring perfect lighting
444,Meeting custom specifications
444,Coordinating multiple contractors
445,Improper placement of service pipes can cause breakage
445,Weatherproofing issues if membranes are not installed properly
445,Quality workmanship can compromise the structure
448,high level of engineering precision required for underground levels
448,coordination of essential infrastructure installation
448,expanding parking levels to meet increased fan demand
450,pulling wires through conduit requires assistance
450,providing future repair allowance at consumer unit
452,Understanding wire functions
452,Identifying correct wires
452,Installing new switches or outlets safely
454,Identifying power source for GFCI installation
454,Replacing a broken GFCI outlet
454,Tripped GFCI affecting other receptacles
454,Incorrect wire length causing short circuit
454,Choosing wiring method for best connection
455,potential overcurrent issues
455,insulation melting
455,installing the correct size of cables
455,ensuring tight connections
456,Loose connections causing arcing and fire hazards
456,Difficulty with stranded wire connections
456,Aluminum to copper wire connection issues
456,Push-in connectors reliability concerns
456,Identifying wire gauge in older homes
457,risk of electrical shock
457,difficulty in measuring cable lengths
457,ensuring secure connections
457,avoiding short circuits
457,managing installation errors
458,legal implications of DIY wiring
458,insurance issues due to unpermitted work
458,reducing wire compression during installation
458,keeping electrical fixtures clear of water
458,ensuring compliance with building codes
458,potential for wire damage during construction
459,Ground conductivity failure
459,Lack of inspection points
459,Incompatibility of ground conditions
459,Risk of physical damage to Earth wire
461,Forgot to drill holes for Earth bar
461,Components slightly offset on DIN rail
461,Modifications needed on site
463,moving heavy workbenches alone
463,lack of cable break protection in emergency system
463,ensuring correct wiring for safety
463,not allowed to switch N or PE wire
464,preventing damage to electric motors
464,ensuring proper wiring of input and output terminals
464,managing emergency power supply
466,damaging wires while drilling
466,tight spaces and corners
466,maintaining proper clearance
466,offset holes
467,landscapers did not dig deep enough for conduit
467,initial mistakes in box placements
467,twisted wiring during installation
467,need for adjustments in circuits and placements
468,fear of electrocution
468,confusion in wiring
468,corrosion in wiring
468,deciding between wire types
471,determining wire size based on amp draw
471,installing GFCI outdoors
471,ensuring compliance with code requirements
472,inadequate power supply
472,frequent tripping of breakers
472,running long extension cables
472,installing new receptacle without an electrician
473,over current damage to cables
473,mechanical damage to installation
473,insulation failure leading to short circuit
474,risk of hitting underground utilities
474,weather changes affecting work schedule
474,difficulty in wire pulling through multiple bends
474,ensuring proper wire connections and insulation
474,nuisance tripping of GFCI outlets
475,identifying potential hazards
475,planning electrical runs in sip construction
475,transitioning between different wall types
475,blocked chases needing special tools
475,ensuring compliance with codes and requirements
476,accurately marking for electrical box
476,cutting drywall without damage
478,using standard breakers on pool equipment
478,false tripping due to stray voltages
478,protecting equipment in freeze conditions
478,co-mingling neutral wires
478,servicing issues due to insufficient labeling
479,faulty RCD device
479,tight connections causing potential hazards
479,installing up to code as per new regulations
480,installing wiring in wet locations
480,figuring out wire routing professionally
480,running wire through crawl space
481,ensuring safety with a master switch
481,choosing switch panel location to avoid accessibility issues
481,keeping components waterproof
481,managing wire distribution without clutter
483,waiting for permits
483,misjudged knockout size
483,weather interruptions
483,maintaining organization of wires
483,potential fuse popping during connection
485,cutting foam accurately
485,mounting boxes flush
485,dealing with tight spaces for wiring
486,working in muddy conditions
486,limited daylight hours
486,finding appropriate conduit fittings
486,existing wiring constraints
486,maintaining waterproof integrity
486,overcoming obstacles during trenching
487,finding appropriate location for outlet box
487,ensuring no prior wiring obstructs drilling
487,determining if junction box has enough cubic inches
487,identifying correct breaker to turn off power
491,ensuring accessibility for emergency shut-off
491,high power draw causing safety concerns
492,difficulties in diagnosing electrical issues without diagrams
492,high amperage damaging low amperage switches
492,confusion from multiple switch configurations in diagrams
492,tracing power issues in complex circuits
492,finding broken wires in harnesses
493,Removing tough knockouts
493,Cleaning tight nut for connector
493,Pushing 10 gauge wire through connector
493,Attaching neutral and ground in a mini panel
494,keeping conduit minimal and hidden
494,limited space around installation area
494,sockets obstructed by door
494,managing expansion and contraction in wood structure
494,maintaining neatness with multiple circuits
496,correct placement under the hot tub
496,heating and bending pipes accurately
496,using non-compliant pipe materials
496,difficulty in drilling tough materials
496,maintaining accessibility for future repairs
497,difficulty reading wiring diagrams
497,varying standards and layouts
497,different symbols in ECAD software
497,troubleshooting disconnected wires
497,understanding complex documents
497,managing different voltage levels
498,planning the electrical layout
498,connecting multiple electrical components
498,ensuring compatibility of components
498,sourcing individual wire supplies
498,managing wire connections for safety
498,addressing reverse polarity issues
502,high risk of mechanical injuries
502,not suitable for high humidity
502,corrosion from insects
502,condensation issues in conduit
502,difficult fault detection
502,installation complexity
502,appearance issues
502,cost factors
505,old wiring removal
505,proper wire gauge selection
505,spacing of electrical boxes
505,cutting drywall to accommodate fixtures
505,ensuring compliance with code
505,placement of smoke detectors
505,navigating around existing structures
505,wiring inspection preparation
506,ensuring proper connections between wires
506,maintaining compliance with electrical code
506,organizing wires in junction boxes
508,hitting nails while drilling
508,difficulties pulling 10 gauge wire
508,extending drill bit setup
508,cleaning up messy wiring
508,first time wiring a sub panel
509,Risk of fire hazards
509,Difficulty in installation
509,Limited accessibility for maintenance
509,Environmental vulnerability
509,Cost of repairs
509,Appearance issues
509,Challenges in modifying wiring
512,owners don't want to see the wires
512,owners don't want the wall to be cut
513,finding clear path for wiring
513,cutting caulking obstructing wires
513,working in dark basement
513,ensuring proper connections to prevent arcing
513,installing breaker in cramped space
515,newcomers struggle with reading electrical diagrams
515,understanding symbols and abbreviations
515,interchanging connections to reverse motor direction
515,tracking page and column numbers for components
519,stripping Cord
519,exposing cable for better connection
520,lack of nearby wiring
520,overloading existing circuits
520,hiding wires
524,ensuring data integrity
524,passing project inspections
527,deteriorated insulators
527,risk of short circuit due to proximity
527,potential safety hazard
528,Mounting multiple conduits
528,Connecting MC without a junction box
528,Ensuring proper installation to avoid wire damage
529,identifying wiring colors in old buildings
529,drilling into concrete without hitting conduits
529,extending cables where lengths are insufficient
529,inaccurate positioning of junction box in new constructions
529,mounting issues due to the concrete ceiling
534,Need for system upgrade due to age
534,Understanding complex electrical schematics
534,Navigation of various control subsystems
534,Fire alarm integration
534,Repair and replace equipment remotely
543,Incorrect voltage connections in commercial applications
543,Running 240V equipment on 208V supply
543,Using improper wire types for outdoor applications
543,Ensuring correct phase connection for three-phase systems
543,Poor connections leading to arcing and potential fire hazards
544,Understanding wiring complexity
544,Ensuring correct operation of contactors
544,Avoiding simultaneous activation of contactors
544,Adjusting timer settings for desired delay
544,Troubleshooting overload conditions
546,confusion about wiring colors
546,identifying the type of cable used in older installations
547,long run with wrong conduit
547,complicated routing
547,ensuring connections are tight
547,waiting for paint to dry
550,balancing connections
550,twisting wires
550,executing installations correctly
551,preventing wire from moving
551,over hammering staples
551,compromising wire integrity
554,cutting wire too short
554,open circuits in wires
554,short circuits between wires
554,testing connections accurately
560,risk of sending fish tape into electrical equipment
560,need for precision in locating conduit
570,wires not long enough
570,need for junction in wiring
570,maintaining neatness in wiring
570,tying safety ground and neutral
570,remembering to phase wires correctly
574,short Earth wire
574,need for new equipment
574,finding local supplies
583,absence of bushing
583,jagged wire ends
616,power outages
633,emergency electrical issues
634,ordering switchgear
634,installing panels according to plans
634,panel relocation
637,connection responsibilities not included
638,cost management for long-term projects
638,renting equipment instead of owning
643,difficulty in scaling business without a generic name
643,bad reviews tied to personal name
643,scheduling issues with clients
643,finding a suitable domain name
643,not being recognizable with a complex name
646,shifting from commercial to residential
646,price objections from clients
646,logistics and management in commercial contracts
646,profit margins were low in commercial work
648,high stress in the construction industry
648,lack of time to train new employees
648,turnover rate in engineering firms
648,managing large-scale projects
648,retirement of experienced professionals
648,inconsistent knowledge transfer
648,coordination between multiple contractors
648,safety hazards during electrical work
649,estimating project costs accurately
649,time management for job completion
649,combining material and labor costs
651,Apprentices misunderstanding blueprint symbols
651,Difficulty in identifying specific receptacle types
651,Inconsistent symbols across different plans
651,Misplacement of receptacles in relation to countertops
651,Incorrect assumptions about switch types
655,Calculating total connected load
655,Transformer sizing complexity
655,Circuit breaker sizing for multiple panels
655,Managing load distribution across high-rise buildings
655,Adhering to government standards for energy meters
657,Ensuring proper height for installations
657,Incorrect specs leading to RFIs
657,Variability in electrical specifications by project
657,Compliance with grounding requirements in desert conditions
660,issues in the elevator shaft
661,missing brackets
661,incorrect screw tip
669,time management on job sites
669,accuracy of installations
671,delays in project completion
671,insufficient egress exit lights in plans
673,electrical issues causing inconvenience
673,potential dangers of electrical failures
674,upgrading outdated electrical systems
674,ensuring electrical safety
674,maintaining consistent lighting
674,preventing electrical fires
674,security vulnerabilities in electrical systems
675,enforcement of code
675,accessibility of power shutoff
675,fire safety concerns
676,finding the right electrician
676,ensuring quality and safety
677,Expired utility permit
677,Mismatched electrical and architectural plans
677,ADA compliance issues
677,Potential damage to conduits
677,Communication difficulties with clients
678,finding reliable contractors
678,budget constraints
678,scheduling issues
678,lack of personal accountability from large companies
678,insufficient capital from smaller contractors
679,keeping up with advancing technology
679,accessing sufficient manpower for projects
680,customer satisfaction
680,timeliness of service
680,cleanliness on job sites
680,competence of technicians
682,understanding the theory of electricity
682,interpreting the national electric code
682,execution of blueprint reading
688,maintaining quality and safety standards
688,meeting project deadlines
688,adhering to budget constraints
690,high demand for skilled tradespeople
690,need for trust and transparency
690,identifying issues early on
690,cost-effective problem resolution
690,maintaining customer relationships
694,need for practical work experience
694,requirement of strong math and science background
694,dexterity skills needed
695,maintenance on existing systems
695,unforeseen issues in remodeling
695,ensuring system compliance with regulations
699,difficulty finding reliable contractors
699,risks of working with large companies
699,timeliness in project completion
699,budget constraints
701,finding the right electrician
701,trusting inexperienced electricians
703,no electrical plans available
703,need to adjust panels location
703,choice of burying vs. overhead line
708,confusion in electrical aisle
708,choosing the right box for new or old work
708,mounting boxes without studs
708,weight-bearing requirements for fixtures
709,unique electrical challenges in commercial buildings
709,ensuring safety
709,ensuring reliability
709,ensuring energy efficiency
710,difficulty in estimating costs
710,economic pressures on contracting
717,fulfilling job requirements
717,support work for utility companies
718,shortage of skilled workers
718,need for workforce development
718,aging infrastructure
723,electricity can be dangerous
723,overloading circuits can cause tripping
723,short circuits can lead to hazards
723,fault currents can create electrocution risk
723,arc faults can cause electrical fires
723,compliance with national electric code is necessary
725,properly stripping insulation
725,staggering wires correctly
725,ensuring secure twists
729,insufficient power capacity
729,need for additional circuits
730,maintaining project timelines
730,managing manpower for projects
730,building trust with clients
732,passing inspection
732,ensuring smooth workflow
738,complexity of projects
738,communication breakdowns
738,overwhelmed team members
738,need for coordination
738,risk management
740,pipes removed by others
740,emergency repair required
740,high traffic area
741,ensuring safety in large projects
741,managing different sizes of jobs
743,need for correct job execution
743,scheduling issues
743,understanding business needs
743,complexity of systems
748,lengthy training period
748,passing all required tests
748,need for a business permit to operate
750,untrustworthy electricians
750,unprofessional technicians
750,hidden fees
750,delayed service
750,safety concerns in wiring
752,impact of relocation on project cost
752,variable timelines based on power company response
754,ensuring correct termination of service conductors
754,managing multiple breakers within limited space
756,difficulty in selecting qualified contractors
756,inconsistent service quality among contractors
756,varying job skill requirements by region
757,availability of co-op jobs
761,confusion about power supply location
761,alignment issues with conduit
761,potential short length of conduit for threading
761,difficulty accessing certain socket installations
763,Hanging light fixtures in high ceilings
763,Issues with temporary power causing lights not to work
763,Need for a large lift to access high ceilings
764,determining job requirements for each room
764,lack of red line diagram
764,budgeting allowances for driveway
764,meeting client expectations for luxury installation
767,lack of building permit
767,missing approved plans
767,proceeding at own risk
767,sizing raceways incorrectly
767,small electrical rooms
767,inadequate seismic protection
773,needing quick solutions
773,tight project timelines
773,customer emergencies
775,cluttered work areas
775,potential for injuries
778,limited number of employees restricted project bidding
778,need for training in new areas
778,service reliability concerns
779,need for backup power during outages
779,safety concerns with circuit engagement
779,potential faults requiring manual intervention
781,misinterpretation of light control symbols
781,underestimating equipment costs
781,availability of time clocks
781,ensuring compliance with warranty specifications
781,managing complex lighting control systems
786,existing equipment failures
786,code compliance issues
786,problem-solving under pressure
786,difficult working conditions (e.g.
786,attics
786,under houses)
786,unexpected changes in residential projects
786,equipment precision and maintenance in industrial settings
788,ensuring the quality of exposed conduit
788,perfect installation required
789,fire spreading through the Riser
789,unauthorized access to electrical risers
789,accommodating required electrical loads
789,interference from other building systems
789,electrical shock hazards
789,compliance with building codes
792,establishing a business
792,managing important paperwork
794,memorizing multiple steps for software navigation
794,complexity in adding assemblies
794,comparative difficulty between software packages
794,time consumption in traditional estimating methods
798,Offering discounts reduces profit
798,Employee satisfaction may lead to resentment from owner
801,need for quality workmanship
801,importance of planning
801,necessity of good record-keeping
803,charging time and material leads to client dissatisfaction
803,uncertainty in job costing
803,losing clients due to poor pricing strategies
803,difficulty managing job timelines when charged hourly
804,intricate electrical systems
804,challenging curriculum
804,demand for knowledgeable workers
805,labor gap
805,wage gap
808,shared risk among owners
808,productivity concerns
808,need for skilled workers
808,embracing innovation
808,technical industry challenges
809,incorrect scaling on plans
809,inaccurate measurements
809,misplacement of electrical outlets
812,transitioning from ground level to management
812,need for continuous learning
812,complexity of control wiring
817,code violations
817,changing electrical needs
817,ensuring safety of occupants
820,services needed after electrical issues arise
820,infrequent checks of electrical panels
823,need for third-party inspectors
823,complexity of commercial electrical systems
823,higher danger from voltage and amperage
823,inexperience with equipment
823,differentiating commercial from residential inspections
826,ensuring installation feasibility
826,obtaining permits
826,speeding up approval
826,safety hazards of older panels
826,risk of fires
829,roof leaks
829,water intrusion at electrical intercept
830,Getting the proper license and permits
830,Choosing a suitable location
830,Managing competition
830,Investment size variations by product type
830,High customer expectations for service
831,poor communication between union and contractors
831,lower standards from non-union counterparts
831,customer trust in service delivery
833,difficulties in communication between trades
833,handling on-site conditions
833,inconsistent inspection requirements
833,lack of cleanliness on job sites
833,stress and anxiety in younger electricians
833,pressure from management for timelines
834,Knowledge gap between experienced and inexperienced individuals
834,Fear of speaking up in discussions
840,lack of red phasing tape
842,schedule slippage
842,weather-related issues
842,manpower-related issues
842,identifying problems early
844,limited space in vehicle
844,organizing tools efficiently
844,finding suitable storage options
845,Ensuring safety while working on energized circuits
845,Managing physical damage risks in a warehouse setting
845,Dealing with expired conduit issues
845,Implementing proper grounding practices
850,breaking even
850,difficulty in scaling business model
850,frustration with construction contracts
850,delays in payment from contractors
850,inefficiency dealing with other trades
850,operating with an unintentional business message
852,circuit not powered at the unit
852,burned wire in junction boxes
852,disorganized wiring in the sub panel
852,double tapped breakers
852,need for additional panel
854,organizing numerous wires
854,ensuring correct termination
854,dealing with tangled wires
854,time management to complete tasks
854,maintaining neatness and professionalism
855,sparking outlets
855,hot outlets
855,outlets not holding plugs
856,coordination of power supply
856,timing of electrical activities
856,inspections before drywall installation
856,spacing and access for electrical connections
858,hard rocky clay soil
858,risk of hitting concrete footer
858,securing connections to the garage
859,varying local codes
859,proper bracing for support
859,grounding requirements
859,bonding of neutral
859,distance requirements for ground rods
863,identifying different wire potentials
863,mixing up electrical conductors
863,overvoltage damage to equipment
863,confusion between grounding and grounded conductors
867,keeping track of billing and expenses
867,finding suitable software for business operations
867,communication with customers
870,Difficulty in selecting proper box types for different applications
870,Understanding the use and installation of varied conduit types
871,understanding contract types
871,establishing contract price
871,ensuring adequate insurance coverage
871,negotiating terms of payment
871,securing advance payments
871,recovering advance payments
871,managing performance obligations
871,adhering to project duration
871,starting projects on time
871,monitoring progress payments
871,managing retention amounts
871,releasing retained payments
871,clarifying tax implications
871,applying delay penalties
871,resolving disputes
873,limited space for installation
873,navigating existing pipes
873,heat reflection from sheet metal
875,identifying correct wire connections
875,labeling wires properly
875,potential confusion without labels
876,sharp edges on wires
876,tangled wires on the floor
876,illegible handwriting on labels
876,inefficient tool usage
876,losing small screws
876,minor head injuries in tight spaces
877,relocating existing feeders
877,internal routing in secure area
877,maintaining clearances around electrical panels
879,impact of natural disasters on electrical systems
879,flood damage to electrical equipment
879,water exposure to electrical devices
879,need for power source independence during storms
880,staying updated with regulations
880,understanding complex blueprints
885,uploading large files may take time
885,accurately measuring requires setting plan scale
885,adjusting labor costs and overhead can be complex
888,calculating service for 1200 amps
888,ensuring compliance with overcurrent ratings
888,matching installation to engineering plans
892,adapting to industry changes
892,establishing trusted expertise
892,differentiating from competition
894,perceptions of labor-management conflict
894,need for training adaptation to industry changes
894,productivity comparison between union and non-union sectors
894,navigating economic uncertainties in contract negotiations
895,Blueprints often lack ceiling height information
895,1-dimensional drawings complicate conduit runs
895,Material take-off can be complex with multiple devices
895,Estimators may arrive at different counts and distances
899,worn out boots
899,knee pad angle issue
899,malfunctioning flashlight
899,broken knife
905,urgent housing needs
905,sinking concrete
905,environmental contamination
905,affordable housing crisis
905,traditional construction inefficiencies
908,risk of unauthorized access during maintenance
908,chance of accidental re-energization
908,need for additional items for specific applications
909,extensive building damage from typhoon
909,widespread power and internet disruptions
909,poor construction quality leading to vulnerabilities
909,shorty construction practices
909,inadequate disaster preparedness by residents
911,Ineffective communication
911,Employee scheduling chaos
911,Staff retention in on-call situations
911,Difficulty in scaling systems
911,Management of multiple service lines
912,Fluctuations in construction costs
912,Labor shortages
912,Long lead times for large electrical equipment
912,High construction costs impacting project viability
915,understanding changing units in regulations
915,interpreting industry standards
915,finding personal learning methods
915,compliance with law
915,keeping up with evolving electrical standards
920,design choices affect livability
920,danger of electrocution and fire
920,compliance with electrical codes
920,mistakes in installation height and alignment
920,wire management issues
920,vulnerability to other trades
920,correct labeling of wires
921,rising labor costs
921,lack of competition in trades
921,need for licensed professionals
921,issues with work quality
921,failure to meet code
921,poor communication with contractors
922,HVAC unit location changed
922,Lack of kitchen layout for wire routing
922,Smoke detector placement near air returns
922,Limited space for switches and outlets in certain areas
924,ground fault risks
924,potential electrocution due to high resistance paths
924,understanding AC vs. DC current flow
924,detecting faults with circuit breakers
925,Customer misunderstanding of value
925,Perception of high charges for quick work
926,potential overload
926,faulty wiring causing harm
927,determining outlet placement
927,ensuring compliance with electrical codes
928,excess wire loops outside of the box
928,code compliance issues
929,ensuring receptacle placement meets distance requirements
929,verifying smoke alarm installation proximity to bedrooms
929,maintaining separation for non-IC rated luminaires
929,adhering to minimum outlet requirements in various areas
929,accommodating future electric vehicle charger installations
929,detecting oversights in rough inspections
933,expensive wire due to shortages
933,locating wires covered by drywall
935,aligning lighting with architectural elements
935,ensuring proper circulation
935,maintaining future flexibility for space use
939,being misunderstood
939,having very few friends
945,determining optimal switchboard heights
945,efficient wiring layout from mdb
945,decluttering conduit pipes
946,misunderstanding electrical terminology
949,aligning red anchors with disconnect holes
949,ensuring disconnect is level
949,mounting for weight support
951,door location changed during installation
951,break in the water line requires slab cut
955,old house electrical service
955,new home electrical installation
961,variation in rates based on location
961,keeping up with current pricing
965,Inability to secure boxes in thicker materials
965,Need for grounding in metal boxes
965,Flushing boxes with various wall surfaces
973,laziness leads to unmet desires
973,diligence is necessary for wealth
977,hole too small for mask kit
977,dull Sawzall blade
977,difficulty screwing conduit to hub
977,absence of main breaker for disconnect
979,accidental contact with power lines
979,lack of awareness of power line locations
980,running wiring without interrupting finished surfaces
980,electrical service installed underground
980,limited mechanical positioning in bungalow
980,sound insulation requirements
984,timely response in emergencies
984,affordable pricing for clients
985,dark areas
985,security concerns
989,balancing speed
989,cost
989,and quality
989,earning customer trust
989,long-term reliability
990,pendants not centered during rough-in
990,lack of measurements for the island
990,uncertainty of island size until drywall is up
990,canopy too small for boxes
1003,conflict between hourly rate and project duration
1003,perception of efficiency versus payment
1009,manpower availability
1009,training new electricians
1009,competition among contractors
1012,cables securing incorrectly
1012,notches compromising structural integrity
1012,improper staple use for cables
1012,pigtailing conductors errors
1012,not maintaining proper cable bends
1013,unique circumstances in new construction
1013,meeting customer and contractor satisfaction
1019,using plastic box for chandelier
1019,inadequate securing of metal box
1019,rating issues with light fixture boxes
1026,troubleshooting electricity related issues
1026,maintaining existing systems
1026,safety with high voltage applications
1028,cost differences between copper and aluminum
1028,availability of aluminum for certain circuits
1028,specific wiring requirements for high amperage
1038,long working hours
1038,time away from family
1038,loss of friendships
1040,low views on the installation video
1040,lights not installed during roughing
1043,Managing customer expectations on project duration
1043,High stress levels in project management
1046,ensuring safe construction
1046,compliance with electrical codes
1046,power demand estimation
1046,load overloading issues
1047,lack of service connection
1047,organization of wires
1047,preventing overlapping of wires
1052,light fixture too close to bathtub
1052,outlet too close to bathtub
1052,compliance with new NEC regulations
1058,broken switch
1058,wires having power
1058,old wiring
1058,safety concerns
1061,combining plumbing and electrical skills
1061,lack of formal training requirements
1071,finding the right electrician
1071,ensuring project safety
1071,quality assurance
1077,Ensuring quality work to avoid rework
1077,Maintaining cleanliness after job completion
1077,Achieving customer satisfaction
1088,Ensuring service outlet is on GFCI circuit
1088,Maintaining clearance for AC disconnect
1088,Proper circuit requirements for laundry and kitchen outlets
1092,improper grounding methods
1092,mixing aluminum and copper wires
1093,fire hazards associated with federal pacific panels
1093,safety concerns for homes built before 1990
1094,conflicting information distracting from main drawing
1094,ensuring proper layer visibility
1094,avoiding lights above fans to prevent strobing effect
1094,managing dimensions and text visibility
1095,income variability
1095,workload management
1097,cutting blade not reaching bricks
1097,thick mortar layer
1109,facing electrical problems
1109,DIY fixes risks
1109,complex electrical issues
1110,ladder hitting electrical line
1110,fatal accident on site
1110,hospitalization of workers
1116,power outages impacting businesses
1116,condition of residential electrical systems
1116,emergency service demands
1116,urgent customer needs
1116,variable job complexities
1117,Young electricians facing stigma
1117,Competition from unlicensed electricians
1117,New regulations complicating home installations
1117,Distrust in electrical contractor pricing
1117,Traffic and time management for tradespersons
1117,Shortage of skilled labor in the industry
1117,Challenges transitioning from commercial to residential work
1119,Estimating accurate demo times
1119,Zeroing material costs in demo estimation
1119,Adjusting labor hours for demo tasks
1121,understanding current flow
1121,troubleshooting existing circuits
1121,code compliance
1121,manipulating conduit
1121,safety with different voltage levels
1122,Understanding the operation of a complex electrical service
1122,Balancing phases in a residential setup
1124,hiring unlicensed electrician
1124,lack of insurance or warranty
1124,no references or work samples
1125,editing assemblies for job specifics
1125,estimating materials accurately
1125,navigating product catalog
1125,understanding assembly components
1125,measuring distances for wire runs
1126,inability to find great people
1127,insufficient inspection frequency
1127,lack of proper grounding
1127,absence of surge protection
1166,overloading circuits
1166,incorrect wiring
1166,electrical safety hazards
1166,energy inefficiency
1184,Potential height discrepancy in existing slab
1184,Limited space for a dumpster on-site
1208,permits not applied for in advance
1208,delays in construction timeline
1229,Finding qualified manpower
1229,Retirement of experienced foremen
1229,Fear of failing prevents innovation
1233,fear of making mistakes
1233,lack of creativity in work
1233,perception of sloppiness
1244,lack of company funds
1244,need for equipment to pull materials
1263,electrical work can be dangerous
1263,need for professional assistance
1283,difficulty learning industry specifics
1283,lack of guidance for fresh graduates
1296,working without de-energizing equipment
1296,lack of adequate training for foreman
1296,inadequate safety practices
1296,pressure from tenants to maintain power
1318,shipping damage to machines
1318,heavy attachments needing removal
1318,tight clearance for machine extraction
1318,time-consuming unboxing process
1318,learning curve for new equipment
1339,initial skepticism from the team
1339,previous prefab efforts were less effective
1339,stress from project scheduling conflicts
1353,Inadequate existing electrical installations
1353,Need for flexibility due to changing tenants
1353,Space constraints in distribution board for RCDs
1353,Adapting to changing regulations on electrical safety
1356,difficulty in understanding concepts
1356,balancing theory with practical work
1434,repetitive tasks on big sites
1434,unexpected delays in work
1434,nerves during first college exam
1434,taking inspection and testing exam
1434,misconceptions about the trade's simplicity
1468,Requires separate DC power supply for DC motors
1468,Polarity concerns when wiring motor
1468,Motor direction issues need wire swapping
1468,Voltage changes affect current performance
1476,understanding power requirements for equipment
1476,identifying available voltage services
1476,cost of upgrading electrical infrastructure
1476,relying on utility company timelines
1476,ensuring safety and compliance with codes
1476,assessing existing infrastructure adequacy
1476,potential mismatches between rated and actual service
1506,using household plugs in worksite environments
1506,overloading multi-adapters
1506,damaged electrical plugs and accessories
1506,long trailing cables causing hazards
1506,unauthorized access to generator areas
1506,frail insulation on cables
1506,unsafe use of portable generators
1513,damaged cables and insulation
1513,improper use of extension leads
1513,use of non-compliant portable socket outlets
1513,lack of protective measures for electrical equipment
1513,incorrect installation of temporary power supply
1521,inability to release from an energized conductor
1521,risk of fatality from electric shock
1521,danger of conducting through water
1538,electric shock risk
1538,malfunctioning GFCIs
1546,hazard identification
1546,poor lighting conditions
1546,faulty equipment
1546,overhead hazards
1546,water or liquids near electrical sources
1551,risk of electrical shock
1551,improper handling of equipment
1551,potential fire hazards
1551,working in wet environments
1551,treatment of live conductors
1580,lack of safety equipment
1580,underestimating danger of electricity
1580,sustaining severe burns
1580,long recovery process
1580,dealing with personal and family struggles
1584,electrocution hazards on construction sites
1584,failure to identify hazards
1584,lack of jobsite awareness
1587,using incorrectly rated plugs
1587,risk of electrical hazards
1605,electric shock
1605,tingling feeling
1605,underlying electrical problems
1605,improper renovations
1618,misconception about pulling meters de-energizing lines
1618,risk of electrocution from energized ground
1618,danger of stepping off equipment in contact with lines
1618,transformers catching fire and remaining energized
1618,undetected downed lines following pole fires
1630,contact with high voltage line
1630,ground being energized
1630,potential danger in movement
1631,difficult to locate underground electrical hazards
1631,serious risk to laborers from backhoe operators
1631,complexity of training based on job site hazards
1631,hazards associated with scaffolds
1631,musculoskeletal disorders from electrical work
1649,improper wiring
1649,exposed live wires
1651,unsafe conditions due to rain and lightning
1701,improper box placement
1701,screws penetrating boxed area
1708,customer scam awareness
1708,customer pressure tactics
1721,risk of electric shock
1721,improper wire connections
1721,use of electrical tape incorrectly
1820,Downed wires create hazardous situations
1820,Flammable gases in underground manholes
1820,Difficulty identifying energized wires
1820,Risks associated with vehicle accidents near wires
1820,Potential for explosions in underground environments
1820,Danger of fires at the base or top of poles
1849,difficulty in finding specific code information
1849,understanding how to navigate the code book
1851,staying updated with code revisions
1851,understanding changes in kitchen requirements
1851,compliance with new wiring allowances
1852,Romex too close to attic access
1852,Romex on decking
1852,Risk of physical damage in attic
1852,Incorrect installation practices
1853,ensuring safety
1853,protecting lives and property
1853,adhering to regulations
1859,electrical incidents injure or kill more than 800 Victorian residents each year
1859,1 in every 10 rental properties has a critical safety issue
1859,electrical appliances need servicing every two years
1867,overlooked grounding systems
1867,potential damage from surges
1867,risk of electrical shock
1869,compliance with bathroom electrical code
1869,installing electrical panels in bathrooms
1869,ensuring adequate branch circuit supply
1882,dangerous electrical compliance issues at marina
1882,imminent threat of electrocution to boat owners
1882,lack of awareness of electrical code violations
1910,high rate of injuries in manufacturing
1910,contact with moving machinery
1910,underreported statistics
1910,responsibilities for machine safety
1918,water dripping on wires
1918,long-term damage potential
1925,confusion around 70B standard
1925,improperly maintained equipment dangers
1925,non-compliance to safety standards
1925,aging infrastructure issues
1925,failure to integrate monitoring systems
1946,Calculating total connected load
1946,Selecting appropriate transformer size
1946,Sizing circuit breakers accurately
1955,Calculating accurate cable sizes based on load
1955,Ensuring voltage drop remains within limits
1955,Selecting appropriate breaker sizes
1955,Understanding local regulations and standards
1955,Dealing with varying power factors in load calculations
1978,decline in export model popularity
1978,lower guaranteed rates for exported energy
1978,design integration of photovoltaic with building electrical system
1978,multiple energy sources management
1978,adequate sizing and protection of the installation
1988,solar panels lose efficiency in heat
1988,lithium batteries pull energy quickly
1988,common misconceptions about power systems
1988,wire management issues can affect systems
1989,complex design requirements
1989,high voltage simulations
1989,performing stability analysis
1989,efficiently managing power systems
1990,extreme temperature variations
1990,unexpected weather conditions
1990,coordination among multiple disciplines
2000,loss of electricity during transmission
2000,risk of fire from short circuiting
2000,need for proper earthing
2000,difficulty in finding defects in concealed wiring
2000,environmental damage to exposed wiring
2020,Multiple users cannot open the same assembly simultaneously
2020,Routing wires and cables can be complex
2020,Minor adjustments may be needed after routing
2020,Schematic must be completed before routing wires
2020,Components must be associated to parts correctly
2022,multiple power sources management
2022,balancing risk against benefits
2022,weight reduction requirements
2025,selecting the appropriate microcontroller
2025,determining memory requirements
2025,timing constraints in RTOS
2025,understanding different programming languages
2025,validating the selection of sensors
2025,maintaining synchronization between tasks
2030,battery damage from high voltage
2030,overload and short circuit risks
2030,need for bulb compatibility (DC vs AC)
2031,calculating kva rating of transformer
2031,determining power factor correction needs
2031,assuming future load expansions
2034,selectivity as a requirement
2034,cost considerations for design
2050,overheating of electrical equipment
2050,misoperation of circuit breakers
2050,harmonic distortion causing measurement inaccuracies
2050,increased current in neutral conductors
2050,premature equipment failure due to harmonics
2050,system resonance amplifying harmonic distortion
2054,high cost of electrical systems
2054,complexity of installation
2054,time consumption for installation
2054,uncertainty in sourcing components
2055,designing for unintentional electrical current flow
2055,safely interrupting electrical faults
2055,defining and managing overloads
2055,dealing with arc flash hazards
2055,selective coordination among multiple devices
2055,mitigating risks in energized equipment
2055,ensuring reliability during power outages
2055,balancing space for electrical equipment with architectural design
2057,Using incorrect naming conventions leading to confusion
2057,Difficulty in searching for load names due to naming strategy
2057,Managing circuit protection types correctly
2057,Fixing errors before copying circuits
2057,Handling long cable runs in circuits
2057,Avoiding auto settings that may lead to wrong configurations
2062,power loss during DC transmission
2062,high operational costs for DC appliances
2062,managing power factor
2062,heat loss in electrical devices
2062,battery efficiency losses during charging and discharging
2064,removing circuits quickly
2064,finding and editing circuit elements
2064,managing different levels of wiring
2064,ensuring proper system organization
2064,avoiding confusion with multiple panels
2085,finding manufacturer parts
2085,ensuring circuit information matches symbols
2085,space planning for components
2085,routing wires in 3D
2093,Mismatch in voltage between receptacle and panel board
2093,Need to assign correct voltage to circuits
2093,Ensuring proper placement of receptacles and fixtures
2093,Connecting lights to different voltage switches
2108,potential short circuits and their consequences
2108,expensive pre-built battery cables
2108,misunderstanding of wire colors
2108,confusion with switch wiring
2108,troubles integrating multiple lights
2108,difficulty in wiring through factory installations
2108,mounting issues with electrical components
2108,ensuring weatherproofing for connections and pathways
2109,electrical shock from appliances
2109,lack of proper earthing connection
2109,fault current flow through the body
2114,unavailability of charging stations for electric vehicles
2114,long charging hours for electric vehicles
2114,manual load switching in home automation
2114,phase failure in induction motors
2171,reducing electrical load
2171,achieving efficiency in heavy industries
2193,insufficient space for panel placement
2193,different levels for cable trays
2193,clashes between cable trays
2206,curveballs in life
2206,finding solutions
2247,breaker won't reset
2247,losing power in living room
2247,power issues on patio
2279,wires slipping out of connections
2279,half circuits not working
2279,homeowner complaints
2279,old wiring issues
2357,Improper roofing flashing techniques
2357,Leakage from incorrectly sealed pipe boots
2371,fans not turning on
2371,lights turning off
2418,disorganized electrical work
2418,shoddy workmanship
2418,poor project management
2418,uneven outlets
2418,mystery switch identification
2418,paint job issues
2418,untrustworthy contractor
2428,unit came broken
2428,difficulty resetting with one hand
2533,twisting strands of stranded wire
2533,ensuring strands do not open when connecting to terminal
2631,need for extra piping
2631,compliance with local code requirements
2644,improper installation on a flat roof
2644,sitting in water creates a safety hazard
2644,potential damage to the roof
2651,using romex in wet or damp locations
2651,conduit fill exceeding code limits
2651,transitioning between flush work and surface mount
2662,Installing conduits requires prior knowledge
2662,Ensuring safety with disconnected power
2662,Maintaining proper conduit angles
2662,Accommodating multiple ducts in parallel
2662,Dealing with burrs on conduit ends
2667,need for air pockets to be prevented in concrete
2667,proper identification of buried conduits for future contractors
2667,safety concerns with open trenches
2685,poor workmanship
2685,difficulty hiring skilled labor
2688,water intrusion at panel opening
2688,sealing conduit openings
2691,working in a live box
2691,snag when pulling wires
2691,wires catching during pull
2691,need for additional pullers
2691,potential short circuits
2691,using aluminum wires
2696,stretching the spring
2696,kink in the spring
2696,conduit flexing back
2731,waste management of short conduit pieces
2731,ensuring safety while using existing materials
2747,communication of ideas
2747,inspecting DIY projects
2789,inexperience of rookie electricians
2789,potential for faulty measurements
2824,difficulty in connecting cable trays due to level differences
2824,clashes between cable trays
2824,ensuring proper dimensions for fittings
2824,deciding color coding for cable trays
2837,non-standard staircase construction
2837,lack of suitable scaffolding
2849,old panel lacks a main breaker
2849,danger of electrocution when working on live panel
2849,expensive main breaker options
2849,need to remove and replace old panel safely
2853,tripping circuit breakers
2853,inaccurate labeling of breakers
2853,lack of cable clamps causing insulation damage
2853,full panel circuits having multiple hot wires
2853,open knockouts posing safety hazards
2870,hard to bend thick wires
2870,checking need for pulley support
2870,ensuring proper grounding
2872,preventing damage to electric motors
2872,ensuring correct wiring connections
2872,safeguarding against electrocution
2872,cutting power during errors
2881,cutting hot conductors safely
2881,preventing accidental contact with other wires
2883,accidentally drilled an extra hole
2883,wet wiring needing to be sealed
2883,messy wiring requiring cleanup
2883,safety concerns with solar wiring
2885,limited charging speed from alternator
2885,not suitable for high-demand DC appliances
2885,risk of accidental setting changes on control screen
2888,ensuring proper isolation for safety
2888,managing live solar panel leads
2888,voltage drop over distance
2888,maintaining clear cable organization
2888,correctly indicating live circuits
2893,removing old boiler
2893,running new electrical lines
2893,soldering connections
2893,ensuring no leaks
2893,maintaining neatness in installation
2901,limited feed-in tariffs
2901,excess solar power management
2901,energy consumption during the day
2901,minimizing energy losses during conversion
2910,maintaining wall insulation integrity
2955,improper bonding and grounding
2955,poor low impedance pathways
2955,electrical noise disrupting signals
2972,finding missing equipment
2972,ensuring proper grounding connections
2972,avoiding physical injury while driving rods
2978,identifying correct wires
2978,understanding multimeter settings
2978,testing without power supply
2979,frequent tripping of RCD
2979,low insulation resistance readings
2979,difficulty identifying faulty circuit
2979,damaged light fittings
2979,inaccessible wiring due to insulation
2980,confusion about current paths
2980,multiple parallel paths for current
2980,unintended current on metal enclosures
2991,power must be turned off before installation
2991,correct measurement and marking of positions required
2991,ensuring conductor connections are secure
2997,high fault current levels
2997,equipment damage
2997,potential safety hazard
2997,resistor heating during faults
2997,difficulty in fault detection
2997,resonance conditions
3006,Insurance issues with knob-and-tube wiring
3006,Safety risks with incorrect fuse panel usage
3006,Installation difficulties with traditional pot lights
3006,Lack of inspections for unauthorized electrical work
3006,Fire hazards associated with inadequate grounding
3006,Complexities of replacing aluminum wiring
3008,calculating load demand accurately
3008,understanding demand factors
3008,correctly applying rounding rules
3008,identifying which areas to include in calculations
3012,underestimating power needs
3012,insufficient number of circuits
3012,routing wires properly
3012,compliance with NEC codes
3012,circuit tripping issues
3012,understanding load calculation process
3012,inspector scrutiny
3047,voltage variation throughout the day
3047,accuracy of voltage measurements
3047,risk of working with electricity
3047,understanding different voltage standards
3047,calculating instantaneous voltages
3074,sizing the main distribution panel
3074,calculating the demand for different lots
3074,determining load factors for manufactured homes
3074,derating factors for service conductors
3074,balancing load between two phases
3194,maintenance of HVAC systems
3194,design complexities of different systems
3194,selection of suitable system by mechanical engineers
3194,efficient cooling distribution in buildings
3196,Determining circuit voltage (120 vs 277)
3196,Estimating load and demand
3196,Proper placement of j boxes
3196,Bundling conductors effectively
3196,Tracking circuits from plans to panel
3199,difficulty in finding electrical schematics
3199,variability in symbols and numbering schemes across prints
3199,lack of updated drawings causing safety issues
3199,understanding different drawing standards
3199,identifying power sources and over current protection devices
3199,limited knowledge on how electricity works
3201,Voltage loss in transit over long distances
3201,Existing transformers need replacement due to upgrades
3201,Need for coordination between electrical and architectural plans
3201,Confirming ceiling grid type and lighting system coordination
3201,No drawn connections between circuits and conduits in larger projects
3202,understanding the language of symbols
3202,locating power source and ground source
3202,identifying open circuits
3202,discerning switched versus constant power
3203,troubleshooting wire placement
3203,following blueprints
3203,coordinating different wire types
3203,navigating construction space
3211,accurately measuring room features
3211,representing dimensions on grid paper
3218,managing multiple circuits
3218,troubleshooting circuits
3218,ensuring safety with power sources
3218,understanding circuit dependencies
3225,accurate layout
3225,labeling panels
3231,locating auxiliary contacts
3231,understanding rung definitions
3256,aging workforce in trades
3256,historic shortage of trades workers
3256,limited educational opportunities
3256,narrow training programs
3256,high labor costs
3256,barriers for outside learners
3299,long learning curve for electricians
3299,difficulty in commercial wiring knowledge transfer
3299,understanding blueprint reading
3299,absorbing complex electrical concepts
3299,learning from unqualified sources
3299,staying updated with electrical codes
3350,making precise holes in metal
3350,installing weatherproof connectors
3367,meeting domestic and international standards
3367,customer needs assessment
3367,integrating advanced technology into products
3367,expanding resource integration
3396,patching small holes in drywall
3476,lack of grounding
3476,improper wiring techniques
3476,use of outdated materials
3476,potential for electrical hazards
3482,wire too small for lugs
3482,connector not installed correctly
3482,voltage drop concerns
3538,risk of electric shock from conductive tools
3538,difficulty handling multiple wires in crowded boxes
3538,inefficiency in wire stripping and termination processes
3617,insufficient capacity for basement bathroom
3617,unexpected costs for client
3637,accidental electrical shock
3637,release of hazardous energy
